Poisture,Photo
0,photo1.jpg
0,photo2.jpg
0,photo3.jpg
0,photo4.jpg
0,photo5.jpg
1,photo6.jpg
0,photo7.jpg
0,photo8.jpg
1,photo9.jpg
1,photo10.jpg
0,photo11.jpg
0,photo12.jpg
1,photo13.jpg
1,photo14.jpg
1,photo15.jpg
1,photo16.jpg
1,photo17.jpg
0,photo18.jpg
0,photo19.jpg
0,photo20.jpg
1,photo21.jpg
1,photo22.jpg
0,photo23.jpg
0,photo24.jpg
1,photo25.jpg
1,photo26.jpg
1,photo27.jpg
0,photo28.jpg
0,photo29.jpg
0,photo30.jpg
0,photo31.jpg
0,photo32.jpg
1,photo33.jpg
0,photo34.jpg
1,photo35.jpg
1,photo36.jpg
1,photo37.jpg
1,photo38.jpg
0,photo39.jpg
0,photo40.jpg
0,photo41.jpg
0,photo42.jpg
0,photo43.jpg
0,photo44.jpg
0,photo45.jpg
0,photo46.jpg
0,photo47.jpg
0,photo48.jpg
0,photo49.jpg
1,photo50.jpg
0,photo51.jpg
0,photo52.jpg
0,photo53.jpg
0,photo54.jpg
0,photo55.jpg
1,photo56.jpg
0,photo57.jpg
1,photo58.jpg
0,photo59.jpg
1,photo60.jpg
1,photo61.jpg
0,photo62.jpg
0,photo63.jpg
0,photo64.jpg
0,photo65.jpg
1,photo66.jpg
1,photo67.jpg
1,photo68.jpg
1,photo69.jpg
0,photo70.jpg
1,photo71.jpg
1,photo72.jpg
0,photo73.jpg
0,photo74.jpg
0,photo75.jpg
1,photo76.jpg